id,first_name,last_name,email,gender,ip_address,date_of_birth
1,Ivory,Overstreet,ioverstreet0@businessweek.com,Female,30.138.91.62,10/22/2018
2,Ulick,Vasnev,uvasnev1@vkontakte.ru,Male,35.15.164.70,01/19/2018
3,Chloe,Freemantle,cfreemantle2@parallels.com,Female,133.133.113.255,08/13/2018
4,Frederica,Hindrich,fhindrich3@123-reg.co.uk,Female,110.65.64.240,04/11/2018
5,Rube,Dahl,rdahl4@weibo.com,Male,58.33.8.33,09/13/2018
6,Patty,Franciskiewicz,pfranciskiewicz5@shinystat.com,Male,65.213.109.40,05/18/2018
7,Ennis,Matteau,ematteau6@wiley.com,Male,246.84.105.118,06/22/2018
8,Eunice,Salsbury,esalsbury7@va.gov,Female,126.140.83.44,02/04/2018
9,Woody,Rawet,wrawet8@wufoo.com,Male,144.87.38.196,10/25/2018
10,Marie-jeanne,Chaplyn,mchaplyn9@sciencedaily.com,Female,109.98.178.206,12/04/2018
11,Luce,Hazlewood,lhazlewooda@mapy.cz,Female,138.153.92.122,06/10/2018
12,Franciska,Everix,feverixb@digg.com,Female,100.111.47.22,05/14/2018
13,Wainwright,Elie,weliec@w3.org,Male,54.66.106.43,11/02/2018
14,Gayelord,Bigby,gbigbyd@loc.gov,Male,190.230.84.206,08/19/2018
15,Kiley,Gundrey,kgundreye@statcounter.com,Male,115.30.0.109,11/14/2018
16,Conant,Cruce,ccrucef@pen.io,Male,233.41.61.0,09/07/2018
17,Kathrine,Kedge,kkedgeg@guardian.co.uk,Female,170.239.182.177,09/27/2018
18,Ashley,Ivanovic,aivanovich@virginia.edu,Male,104.91.165.96,08/17/2018
19,Brok,Siggery,bsiggeryi@macromedia.com,Male,170.138.1.242,12/25/2018
20,Rafaelia,Balducci,rbalduccij@webmd.com,Female,101.233.172.103,11/11/2018
21,Bibby,Nowill,bnowillk@europa.eu,Female,202.102.247.7,08/27/2018
22,Hart,Rendbaek,hrendbaekl@ameblo.jp,Male,87.113.222.22,05/11/2018
23,Fraze,Tunnacliffe,ftunnacliffem@etsy.com,Male,222.141.233.91,05/29/2018
24,Donnajean,Pardey,dpardeyn@yellowpages.com,Female,11.126.29.47,10/16/2018
25,Vernen,Abson,vabsono@yellowpages.com,Male,86.50.145.226,05/19/2018
26,Derby,Havill,dhavillp@whitehouse.gov,Male,111.20.135.187,01/14/2018
27,Florrie,Hardson,fhardsonq@yahoo.co.jp,Female,6.205.24.25,09/17/2018
28,Pauli,Duffill,pduffillr@comcast.net,Female,192.18.75.178,12/09/2018
29,Em,Wildbore,ewildbores@webmd.com,Female,66.136.181.252,01/23/2018
30,Lilia,Charnock,lcharnockt@cnbc.com,Female,112.33.140.11,08/14/2018
31,Dorise,Glanfield,dglanfieldu@wikipedia.org,Female,220.65.200.69,08/06/2018
32,Georg,Sweatland,gsweatlandv@nih.gov,Male,61.69.79.29,03/12/2018
33,Valery,Sherwin,vsherwinw@senate.gov,Female,146.178.244.94,09/19/2018
34,Beaufort,Attock,battockx@yahoo.co.jp,Male,57.47.237.237,04/02/2018
35,Marielle,Lambersen,mlamberseny@cmu.edu,Female,98.204.102.159,08/27/2018
36,Garrot,Crumpton,gcrumptonz@1688.com,Male,104.45.85.172,03/24/2018
37,Anabal,Silversmid,asilversmid10@answers.com,Female,174.168.154.31,09/15/2018
38,Abel,Goodred,agoodred11@washingtonpost.com,Male,83.213.1.174,08/28/2018
39,Rikki,Clymer,rclymer12@businessinsider.com,Male,66.193.56.190,02/28/2018
40,Marissa,Pulbrook,mpulbrook13@simplemachines.org,Female,175.22.247.84,07/22/2018
41,Zacharie,Verrillo,zverrillo14@latimes.com,Male,138.146.254.211,06/15/2018
42,Ive,Groucutt,igroucutt15@sfgate.com,Male,168.9.92.108,04/22/2018
43,Eda,Keddle,ekeddle16@jigsy.com,Female,227.116.94.188,06/09/2018
44,Meridith,Riden,mriden17@privacy.gov.au,Female,26.85.137.86,08/02/2018
45,Tripp,Luis,tluis18@list-manage.com,Male,181.119.241.112,12/30/2018
46,Reiko,Garbutt,rgarbutt19@simplemachines.org,Female,6.64.200.168,04/09/2018
47,Gilda,Gayther,ggayther1a@newsvine.com,Female,88.19.163.36,09/20/2018
48,Jody,Van Dalen,jvandalen1b@sfgate.com,Female,116.13.11.81,08/05/2018
49,Wrennie,Dismore,wdismore1c@51.la,Female,243.97.132.213,03/17/2018
50,Dunc,Doley,ddoley1d@wikimedia.org,Male,45.34.146.108,05/15/2018
